INSERT INTO `Detector` (`detectorId`, `detectorType`, `detectorManufacturer`, `detectorModel`, `detectorPixelSizeHorizontal`, `detectorPixelSizeVertical`, `DETECTORMAXRESOLUTION`, `DETECTORMINRESOLUTION`, `detectorSerialNumber`, `detectorDistanceMin`, `detectorDistanceMax`, `trustedPixelValueRangeLower`, `trustedPixelValueRangeUpper`, `sensorThickness`, `overload`, `XGeoCorr`, `YGeoCorr`, `detectorMode`, `density`, `composition`, `numberOfPixelsX`, `numberOfPixelsY`, `detectorRollMin`, `detectorRollMax`, `localName`)
VALUES
	(58, 'Photon Counting', 'Dectris', 'Pilatus3 6M', 172, 172, 0.8, 50, '60-0119', 200, 1500, NULL, NULL, 450, NULL, NULL, NULL, NULL, NULL, NULL, 2463, 2527, NULL, NULL, NULL),
	(94, 'Photon Counting', 'Dectris', 'EIGER2 X CdTe 9M', 75, 75, NULL, NULL, 'E-18-0115', 200, 1500, NULL, NULL, 750, NULL, NULL, NULL, NULL, NULL, NULL, 3108, 3262, NULL, NULL, NULL);


-- Collection of data for setting up a mirror of a known proposal ID, with fake data

INSERT INTO `Person` (`personId`, `laboratoryId`, `siteId`, `personUUID`, `familyName`, `givenName`, `title`, `emailAddress`, `phoneNumber`, `login`, `faxNumber`, `recordTimeStamp`, `cache`, `externalId`)
VALUES
	(1337, NULL, NULL, NULL, 'Scientist', 'A', 'Dr', NULL, NULL, NULL, NULL, '2022-01-01 00:00:00', NULL, NULL);

INSERT INTO `Proposal` (`proposalId`, `personId`, `title`, `proposalCode`, `proposalNumber`, `bltimeStamp`, `state`)
VALUES
	(51981, 1337, 'Fake proposal for testing', 'mx', '24447', '2020-01-01 00:00:00', 'Open'),
	(51000, 1337, 'Fake proposal for testing', 'mx', '42424', '2004-04-02 02:42:42', 'Open');

INSERT INTO `BLSession` (`sessionId`, `proposalId`, `startDate`, `endDate`, `beamLineName`, `scheduled`, `beamLineOperator`, `bltimeStamp`, `visit_number`)
VALUES
	(20000000, 51981, '2022-01-01 12:00:00', '2022-01-01 20:00:00', 'i24', 1, 'Dr No. Body', '2022-01-01 06:00:00', 42),
	(20000042, 51000, '2004-04-24 08:00:00', '2004-04-24 12:00:00', 'i24', 1, 'Dr Nota Number', '2004-04-24 00:00:00', 42),
	(27482258, 51981, '2022-10-07 12:00:00', '2022-10-07 20:00:00', 'i24', 1, 'Dr I24', '2022-09-01 00:00:00', 95);


-- INSERT INTO `DataCollectionGroup` (`dataCollectionGroupId`, `sessionId`, `comments`, `blSampleId`, `experimentType`, `startTime`, `endTime`, `crystalClass`, `detectorMode`, `actualSampleBarcode`, `actualSampleSlotInContainer`, `actualContainerBarcode`, `actualContainerSlotInSC`, `workflowId`, `xtalSnapshotFullPath`, `scanParameters`, `experimentTypeId`, `instrumentId`)
-- VALUES
-- 	(8111831, 27482258, NULL, NULL, 'Serial Fixed', '2022-10-07 16:32:39', NULL, NULL, NULL, NULL, NULL, NULL, NULL, NULL, NULL, NULL, NULL, 11);

-- INSERT INTO `DataCollection` (`dataCollectionId`, `BLSAMPLEID`, `SESSIONID`, `experimenttype`, `dataCollectionNumber`, `startTime`, `endTime`, `runStatus`, `axisStart`, `axisEnd`, `axisRange`, `overlap`, `numberOfImages`, `startImageNumber`, `numberOfPasses`, `exposureTime`, `imageDirectory`, `imagePrefix`, `imageSuffix`, `imageContainerSubPath`, `fileTemplate`, `wavelength`, `resolution`, `detectorDistance`, `xBeam`, `yBeam`, `comments`, `printableForReport`, `CRYSTALCLASS`, `slitGapVertical`, `slitGapHorizontal`, `transmission`, `synchrotronMode`, `xtalSnapshotFullPath1`, `xtalSnapshotFullPath2`, `xtalSnapshotFullPath3`, `xtalSnapshotFullPath4`, `rotationAxis`, `phiStart`, `kappaStart`, `omegaStart`, `chiStart`, `resolutionAtCorner`, `detector2Theta`, `DETECTORMODE`, `undulatorGap1`, `undulatorGap2`, `undulatorGap3`, `beamSizeAtSampleX`, `beamSizeAtSampleY`, `centeringMethod`, `averageTemperature`, `ACTUALSAMPLEBARCODE`, `ACTUALSAMPLESLOTINCONTAINER`, `ACTUALCONTAINERBARCODE`, `ACTUALCONTAINERSLOTINSC`, `actualCenteringPosition`, `beamShape`, `dataCollectionGroupId`, `POSITIONID`, `detectorId`, `FOCALSPOTSIZEATSAMPLEX`, `POLARISATION`, `FOCALSPOTSIZEATSAMPLEY`, `APERTUREID`, `screeningOrigId`, `flux`, `strategySubWedgeOrigId`, `blSubSampleId`, `processedDataFile`, `datFullPath`, `magnification`, `totalAbsorbedDose`, `binning`, `particleDiameter`, `boxSize_CTF`, `minResolution`, `minDefocus`, `maxDefocus`, `defocusStepSize`, `amountAstigmatism`, `extractSize`, `bgRadius`, `voltage`, `objAperture`, `c1aperture`, `c2aperture`, `c3aperture`, `c1lens`, `c2lens`, `c3lens`, `startPositionId`, `endPositionId`, `flux_end`, `bestWilsonPlotPath`, `totalExposedDose`, `nominalMagnification`, `nominalDefocus`, `imageSizeX`, `imageSizeY`, `pixelSizeOnImage`, `phasePlate`, `dataCollectionPlanId`, `instrumentId`)
-- VALUES
-- 	(9120761, NULL, 27482258, NULL, NULL, '2022-10-07 16:32:39', '2022-10-07 16:39:05', 'DataCollection Successful', NULL, NULL, 0.001, NULL, 32000, 0, NULL, 0.01, '/dls/i24/data/2022/mx24447-95/PROT/daphneG/', NULL, NULL, NULL, 'cecile00039_#####.cbf', 0.999887, 1.41, 240, 221.192, 224.632, NULL, 1, NULL, NULL, NULL, 20.3651, NULL, '/dls/i24/data/2022/mx24447-95/processing/_hitfind_results/cecile00039.png', NULL, NULL, NULL, NULL, NULL, NULL, NULL, NULL, NULL, NULL, NULL, NULL, NULL, NULL, 0.02, 0.02, NULL, NULL, NULL, NULL, NULL, NULL, NULL, NULL, 8111831, NULL, 58, NULL, NULL, NULL, NULL, NULL, NULL, NULL, NULL, NULL, NULL, NULL, NULL, NULL, NULL, NULL, NULL, NULL, NULL, NULL, NULL, NULL, NULL, NULL, NULL, NULL, NULL, NULL, NULL, NULL, NULL, NULL, NULL, NULL, NULL, NULL, NULL, NULL, NULL, NULL, NULL, NULL, NULL, 11);

INSERT INTO `DataCollectionGroup` (`dataCollectionGroupId`, `sessionId`, `comments`, `blSampleId`, `experimentType`, `startTime`, `endTime`, `crystalClass`, `detectorMode`, `actualSampleBarcode`, `actualSampleSlotInContainer`, `actualContainerBarcode`, `actualContainerSlotInSC`, `workflowId`, `xtalSnapshotFullPath`, `scanParameters`, `experimentTypeId`)
VALUES
	(4000000, 20000042, NULL, NULL, 'Serial Fixed', '2004-04-24 09:42:32', NULL, NULL, NULL, NULL, NULL, NULL, NULL, NULL, NULL, NULL, NULL),
	(8108600, 27482258, NULL, NULL, 'Serial Fixed', '2022-10-07 09:44:15', NULL, NULL, NULL, NULL, NULL, NULL, NULL, NULL, NULL, NULL, NULL),
	(8109809, 27482258, NULL, NULL, 'Serial Fixed', '2022-10-07 12:07:18', NULL, NULL, NULL, NULL, NULL, NULL, NULL, NULL, NULL, NULL, NULL),
	(8109845, 27482258, NULL, NULL, 'Serial Fixed', '2022-10-07 12:09:56', NULL, NULL, NULL, NULL, NULL, NULL, NULL, NULL, NULL, NULL, NULL),
	(8110763, 27482258, NULL, NULL, 'Serial Fixed', '2022-10-07 13:37:36', NULL, NULL, NULL, NULL, NULL, NULL, NULL, NULL, NULL, NULL, NULL),
	(8110874, 27482258, NULL, NULL, 'Serial Fixed', '2022-10-07 13:45:03', NULL, NULL, NULL, NULL, NULL, NULL, NULL, NULL, NULL, NULL, NULL),
	(8110904, 27482258, NULL, NULL, 'Serial Fixed', '2022-10-07 13:47:16', NULL, NULL, NULL, NULL, NULL, NULL, NULL, NULL, NULL, NULL, NULL),
	(8110949, 27482258, NULL, NULL, 'Serial Fixed', '2022-10-07 13:51:58', NULL, NULL, NULL, NULL, NULL, NULL, NULL, NULL, NULL, NULL, NULL),
	(8110976, 27482258, NULL, NULL, 'Serial Fixed', '2022-10-07 13:55:27', NULL, NULL, NULL, NULL, NULL, NULL, NULL, NULL, NULL, NULL, NULL),
	(8111000, 27482258, NULL, NULL, 'Serial Fixed', '2022-10-07 13:57:58', NULL, NULL, NULL, NULL, NULL, NULL, NULL, NULL, NULL, NULL, NULL),
	(8111036, 27482258, NULL, NULL, 'Serial Fixed', '2022-10-07 14:02:11', NULL, NULL, NULL, NULL, NULL, NULL, NULL, NULL, NULL, NULL, NULL),
	(8111066, 27482258, NULL, NULL, 'Serial Fixed', '2022-10-07 14:05:15', NULL, NULL, NULL, NULL, NULL, NULL, NULL, NULL, NULL, NULL, NULL),
	(8111180, 27482258, NULL, NULL, 'Serial Fixed', '2022-10-07 14:31:26', NULL, NULL, NULL, NULL, NULL, NULL, NULL, NULL, NULL, NULL, NULL),
	(8111246, 27482258, NULL, NULL, 'Serial Fixed', '2022-10-07 14:46:08', NULL, NULL, NULL, NULL, NULL, NULL, NULL, NULL, NULL, NULL, NULL),
	(8111324, 27482258, NULL, NULL, 'Serial Fixed', '2022-10-07 15:02:23', NULL, NULL, NULL, NULL, NULL, NULL, NULL, NULL, NULL, NULL, NULL),
	(8111369, 27482258, NULL, NULL, 'Serial Fixed', '2022-10-07 15:20:45', NULL, NULL, NULL, NULL, NULL, NULL, NULL, NULL, NULL, NULL, NULL),
	(8111477, 27482258, NULL, NULL, 'Serial Fixed', '2022-10-07 15:43:52', NULL, NULL, NULL, NULL, NULL, NULL, NULL, NULL, NULL, NULL, NULL),
	(8111594, 27482258, NULL, NULL, 'Serial Fixed', '2022-10-07 15:58:40', NULL, NULL, NULL, NULL, NULL, NULL, NULL, NULL, NULL, NULL, NULL),
	(8111657, 27482258, NULL, NULL, 'Serial Fixed', '2022-10-07 16:06:08', NULL, NULL, NULL, NULL, NULL, NULL, NULL, NULL, NULL, NULL, NULL),
	(8111723, 27482258, NULL, NULL, 'Serial Fixed', '2022-10-07 16:13:09', NULL, NULL, NULL, NULL, NULL, NULL, NULL, NULL, NULL, NULL, NULL),
	(8111798, 27482258, NULL, NULL, 'Serial Fixed', '2022-10-07 16:21:20', NULL, NULL, NULL, NULL, NULL, NULL, NULL, NULL, NULL, NULL, NULL),
	(8111816, 27482258, NULL, NULL, 'Serial Fixed', '2022-10-07 16:25:58', NULL, NULL, NULL, NULL, NULL, NULL, NULL, NULL, NULL, NULL, NULL),
	(8111831, 27482258, NULL, NULL, 'Serial Fixed', '2022-10-07 16:32:39', NULL, NULL, NULL, NULL, NULL, NULL, NULL, NULL, NULL, NULL, NULL),
	(8111855, 27482258, NULL, NULL, 'Serial Fixed', '2022-10-07 16:40:22', NULL, NULL, NULL, NULL, NULL, NULL, NULL, NULL, NULL, NULL, NULL),
	(8111897, 27482258, NULL, NULL, 'Serial Fixed', '2022-10-07 17:06:45', NULL, NULL, NULL, NULL, NULL, NULL, NULL, NULL, NULL, NULL, NULL),
	(8111903, 27482258, NULL, NULL, 'Serial Fixed', '2022-10-07 17:14:37', NULL, NULL, NULL, NULL, NULL, NULL, NULL, NULL, NULL, NULL, NULL),
	(8111963, 27482258, NULL, NULL, 'Serial Fixed', '2022-10-07 17:23:29', NULL, NULL, NULL, NULL, NULL, NULL, NULL, NULL, NULL, NULL, NULL),
	(8112029, 27482258, NULL, NULL, 'Serial Fixed', '2022-10-07 17:31:35', NULL, NULL, NULL, NULL, NULL, NULL, NULL, NULL, NULL, NULL, NULL),
	(8112113, 27482258, NULL, NULL, 'Serial Fixed', '2022-10-07 17:41:11', NULL, NULL, NULL, NULL, NULL, NULL, NULL, NULL, NULL, NULL, NULL),
	(8112188, 27482258, NULL, NULL, 'Serial Fixed', '2022-10-07 17:50:04', NULL, NULL, NULL, NULL, NULL, NULL, NULL, NULL, NULL, NULL, NULL),
	(8112281, 27482258, NULL, NULL, 'Serial Fixed', '2022-10-07 17:59:09', NULL, NULL, NULL, NULL, NULL, NULL, NULL, NULL, NULL, NULL, NULL),
	(8112353, 27482258, NULL, NULL, 'Serial Fixed', '2022-10-07 18:07:15', NULL, NULL, NULL, NULL, NULL, NULL, NULL, NULL, NULL, NULL, NULL),
	(8112416, 27482258, NULL, NULL, 'Serial Fixed', '2022-10-07 18:15:31', NULL, NULL, NULL, NULL, NULL, NULL, NULL, NULL, NULL, NULL, NULL),
	(8112605, 27482258, NULL, NULL, 'Serial Fixed', '2022-10-07 18:35:59', NULL, NULL, NULL, NULL, NULL, NULL, NULL, NULL, NULL, NULL, NULL),
	(8112680, 27482258, NULL, NULL, 'Serial Fixed', '2022-10-07 18:44:49', NULL, NULL, NULL, NULL, NULL, NULL, NULL, NULL, NULL, NULL, NULL),
	(8112746, 27482258, NULL, NULL, 'Serial Fixed', '2022-10-07 18:52:41', NULL, NULL, NULL, NULL, NULL, NULL, NULL, NULL, NULL, NULL, NULL),
	(8112806, 27482258, NULL, NULL, 'Serial Fixed', '2022-10-07 19:00:15', NULL, NULL, NULL, NULL, NULL, NULL, NULL, NULL, NULL, NULL, NULL),
	(8112872, 27482258, NULL, NULL, 'Serial Fixed', '2022-10-07 19:07:32', NULL, NULL, NULL, NULL, NULL, NULL, NULL, NULL, NULL, NULL, NULL),
	(8112929, 27482258, NULL, NULL, 'Serial Fixed', '2022-10-07 19:14:48', NULL, NULL, NULL, NULL, NULL, NULL, NULL, NULL, NULL, NULL, NULL),
	(8112998, 27482258, NULL, NULL, 'Serial Fixed', '2022-10-07 19:22:04', NULL, NULL, NULL, NULL, NULL, NULL, NULL, NULL, NULL, NULL, NULL),
	(8113052, 27482258, NULL, NULL, 'Serial Fixed', '2022-10-07 19:29:33', NULL, NULL, NULL, NULL, NULL, NULL, NULL, NULL, NULL, NULL, NULL);

INSERT INTO `DataCollection` (`dataCollectionId`, `BLSAMPLEID`, `SESSIONID`, `experimenttype`, `dataCollectionNumber`, `startTime`, `endTime`, `runStatus`, `axisStart`, `axisEnd`, `axisRange`, `overlap`, `numberOfImages`, `startImageNumber`, `numberOfPasses`, `exposureTime`, `imageDirectory`, `imagePrefix`, `imageSuffix`, `imageContainerSubPath`, `fileTemplate`, `wavelength`, `resolution`, `detectorDistance`, `xBeam`, `yBeam`, `comments`, `printableForReport`, `CRYSTALCLASS`, `slitGapVertical`, `slitGapHorizontal`, `transmission`, `synchrotronMode`, `xtalSnapshotFullPath1`, `xtalSnapshotFullPath2`, `xtalSnapshotFullPath3`, `xtalSnapshotFullPath4`, `rotationAxis`, `phiStart`, `kappaStart`, `omegaStart`, `chiStart`, `resolutionAtCorner`, `detector2Theta`, `DETECTORMODE`, `undulatorGap1`, `undulatorGap2`, `undulatorGap3`, `beamSizeAtSampleX`, `beamSizeAtSampleY`, `centeringMethod`, `averageTemperature`, `ACTUALSAMPLEBARCODE`, `ACTUALSAMPLESLOTINCONTAINER`, `ACTUALCONTAINERBARCODE`, `ACTUALCONTAINERSLOTINSC`, `actualCenteringPosition`, `beamShape`, `dataCollectionGroupId`, `POSITIONID`, `detectorId`, `FOCALSPOTSIZEATSAMPLEX`, `POLARISATION`, `FOCALSPOTSIZEATSAMPLEY`, `APERTUREID`, `screeningOrigId`, `flux`, `strategySubWedgeOrigId`, `blSubSampleId`, `processedDataFile`, `datFullPath`, `magnification`, `totalAbsorbedDose`, `binning`, `particleDiameter`, `boxSize_CTF`, `minResolution`, `minDefocus`, `maxDefocus`, `defocusStepSize`, `amountAstigmatism`, `extractSize`, `bgRadius`, `voltage`, `objAperture`, `c1aperture`, `c2aperture`, `c3aperture`, `c1lens`, `c2lens`, `c3lens`, `startPositionId`, `endPositionId`, `flux_end`, `bestWilsonPlotPath`, `totalExposedDose`, `nominalMagnification`, `nominalDefocus`, `imageSizeX`, `imageSizeY`, `pixelSizeOnImage`, `phasePlate`, `dataCollectionPlanId`)
VALUES
	(9000001, NULL, 20000042, NULL, NULL, '2004-04-24 09:42:32', '2004-04-24 10:24:42', 'DataCollection Successful', NULL, NULL, 0.001, NULL, 24242, 0, NULL, 0.42, '/dls/i24/data/2022/mx42424-42/empty_space/', NULL, NULL, NULL, 'nothing01_#####.cbf', 0.994242, 4.42, 424, 221.192, 224.632, NULL, 1, NULL, NULL, NULL, 1.00802, NULL, NULL, NULL, NULL, NULL, NULL, NULL, NULL, NULL, NULL, NULL, NULL, NULL, NULL, NULL, NULL, 0.02, 0.02, NULL, NULL, NULL, NULL, NULL, NULL, NULL, NULL, 4000000, NULL, 58, NULL, NULL, NULL, NULL, NULL, NULL, NULL, NULL, NULL, NULL, NULL, NULL, NULL, NULL, NULL, NULL, NULL, NULL, NULL, NULL, NULL, NULL, NULL, NULL, NULL, NULL, NULL, NULL, NULL, NULL, NULL, NULL, NULL, NULL, NULL, NULL, NULL, NULL, NULL, NULL, NULL, NULL),
	(9117374, NULL, 27482258, NULL, NULL, '2022-10-07 09:44:15', '2022-10-07 09:45:09', 'DataCollection Successful', NULL, NULL, 0.001, NULL, 400, 0, NULL, 0.01, '/dls/i24/data/2022/mx24447-95/test/laser1/', NULL, NULL, NULL, 'test00016_#####.cbf', 0.999887, 6.76, 1420, 221.192, 224.632, NULL, 1, NULL, NULL, NULL, 1.00802, NULL, '/dls/i24/data/2022/mx24447-95/processing/_hitfind_results/test00016.png', '/dls/i24/data/2022/mx24447-95/processing/_hitfind_results/test00016_pac.png', '/dls/i24/data/2022/mx24447-95/processing/_hitfind_results/test00016_pac2.png', NULL, NULL, NULL, NULL, NULL, NULL, NULL, NULL, NULL, NULL, NULL, NULL, 0.02, 0.02, NULL, NULL, NULL, NULL, NULL, NULL, NULL, NULL, 8108600, NULL, 58, NULL, NULL, NULL, NULL, NULL, NULL, NULL, NULL, NULL, NULL, NULL, NULL, NULL, NULL, NULL, NULL, NULL, NULL, NULL, NULL, NULL, NULL, NULL, NULL, NULL, NULL, NULL, NULL, NULL, NULL, NULL, NULL, NULL, NULL, NULL, NULL, NULL, NULL, NULL, NULL, NULL, NULL),
	(9118661, NULL, 27482258, NULL, NULL, '2022-10-07 12:07:18', '2022-10-07 12:08:27', 'DataCollection Successful', NULL, NULL, 0.001, NULL, 4000, 0, NULL, 0.01, '/dls/i24/data/2022/mx24447-95/test/laser2/', NULL, NULL, NULL, 'test00017_#####.cbf', 0.999887, 6.76, 1420, 221.192, 224.632, NULL, 1, NULL, NULL, NULL, 1.00802, NULL, '/dls/i24/data/2022/mx24447-95/processing/_hitfind_results/test00017.png', '/dls/i24/data/2022/mx24447-95/processing/_hitfind_results/test00017_pac.png', '/dls/i24/data/2022/mx24447-95/processing/_hitfind_results/test00017_pac2.png', NULL, NULL, NULL, NULL, NULL, NULL, NULL, NULL, NULL, NULL, NULL, NULL, 0.02, 0.02, NULL, NULL, NULL, NULL, NULL, NULL, NULL, NULL, 8109809, NULL, 58, NULL, NULL, NULL, NULL, NULL, NULL, NULL, NULL, NULL, NULL, NULL, NULL, NULL, NULL, NULL, NULL, NULL, NULL, NULL, NULL, NULL, NULL, NULL, NULL, NULL, NULL, NULL, NULL, NULL, NULL, NULL, NULL, NULL, NULL, NULL, NULL, NULL, NULL, NULL, NULL, NULL, NULL),
	(9118700, NULL, 27482258, NULL, NULL, '2022-10-07 12:09:56', '2022-10-07 12:11:05', 'DataCollection Successful', NULL, NULL, 0.001, NULL, 4000, 0, NULL, 0.01, '/dls/i24/data/2022/mx24447-95/test/laser3/', NULL, NULL, NULL, 'test00018_#####.cbf', 0.999887, 6.76, 1420, 221.192, 224.632, NULL, 1, NULL, NULL, NULL, 1.00802, NULL, '/dls/i24/data/2022/mx24447-95/processing/_hitfind_results/test00018.png', '/dls/i24/data/2022/mx24447-95/processing/_hitfind_results/test00018_pac.png', '/dls/i24/data/2022/mx24447-95/processing/_hitfind_results/test00018_pac2.png', NULL, NULL, NULL, NULL, NULL, NULL, NULL, NULL, NULL, NULL, NULL, NULL, 0.02, 0.02, NULL, NULL, NULL, NULL, NULL, NULL, NULL, NULL, 8109845, NULL, 58, NULL, NULL, NULL, NULL, NULL, NULL, NULL, NULL, NULL, NULL, NULL, NULL, NULL, NULL, NULL, NULL, NULL, NULL, NULL, NULL, NULL, NULL, NULL, NULL, NULL, NULL, NULL, NULL, NULL, NULL, NULL, NULL, NULL, NULL, NULL, NULL, NULL, NULL, NULL, NULL, NULL, NULL),
	(9119645, NULL, 27482258, NULL, NULL, '2022-10-07 13:37:36', '2022-10-07 13:39:16', 'DataCollection Successful', NULL, NULL, 0.001, NULL, 2400, 0, NULL, 0.01, '/dls/i24/data/2022/mx24447-95/PROT/alison/', NULL, NULL, NULL, 'alison00019_#####.cbf', 0.999887, 1.73, 320, 221.192, 224.632, NULL, 1, NULL, NULL, NULL, 49.299, NULL, '/dls/i24/data/2022/mx24447-95/processing/_hitfind_results/alison00019.png', '/dls/i24/data/2022/mx24447-95/processing/_hitfind_results/alison00019_pac.png', '/dls/i24/data/2022/mx24447-95/processing/_hitfind_results/alison00019_pac2.png', NULL, NULL, NULL, NULL, NULL, NULL, NULL, NULL, NULL, NULL, NULL, NULL, 0.02, 0.02, NULL, NULL, NULL, NULL, NULL, NULL, NULL, NULL, 8110763, NULL, 58, NULL, NULL, NULL, NULL, NULL, NULL, NULL, NULL, NULL, NULL, NULL, NULL, NULL, NULL, NULL, NULL, NULL, NULL, NULL, NULL, NULL, NULL, NULL, NULL, NULL, NULL, NULL, NULL, NULL, NULL, NULL, NULL, NULL, NULL, NULL, NULL, NULL, NULL, NULL, NULL, NULL, NULL),
	(9119756, NULL, 27482258, NULL, NULL, '2022-10-07 13:45:03', '2022-10-07 13:46:20', 'DataCollection Successful', NULL, NULL, 0.001, NULL, 2400, 0, NULL, 0.01, '/dls/i24/data/2022/mx24447-95/PROT/alison/', NULL, NULL, NULL, 'alison00020_#####.cbf', 0.999887, 1.73, 320, 221.192, 224.632, NULL, 1, NULL, NULL, NULL, 49.299, NULL, '/dls/i24/data/2022/mx24447-95/processing/_hitfind_results/alison00020.png', '/dls/i24/data/2022/mx24447-95/processing/_hitfind_results/alison00020_pac.png', '/dls/i24/data/2022/mx24447-95/processing/_hitfind_results/alison00020_pac2.png', NULL, NULL, NULL, NULL, NULL, NULL, NULL, NULL, NULL, NULL, NULL, NULL, 0.02, 0.02, NULL, NULL, NULL, NULL, NULL, NULL, NULL, NULL, 8110874, NULL, 58, NULL, NULL, NULL, NULL, NULL, NULL, NULL, NULL, NULL, NULL, NULL, NULL, NULL, NULL, NULL, NULL, NULL, NULL, NULL, NULL, NULL, NULL, NULL, NULL, NULL, NULL, NULL, NULL, NULL, NULL, NULL, NULL, NULL, NULL, NULL, NULL, NULL, NULL, NULL, NULL, NULL, NULL),
	(9119786, NULL, 27482258, NULL, NULL, '2022-10-07 13:47:16', '2022-10-07 13:48:35', 'DataCollection Successful', NULL, NULL, 0.001, NULL, 2400, 0, NULL, 0.01, '/dls/i24/data/2022/mx24447-95/PROT/alison/', NULL, NULL, NULL, 'alison00021_#####.cbf', 0.999887, 1.41, 240, 221.192, 224.632, NULL, 1, NULL, NULL, NULL, 49.299, NULL, '/dls/i24/data/2022/mx24447-95/processing/_hitfind_results/alison00021.png', '/dls/i24/data/2022/mx24447-95/processing/_hitfind_results/alison00021_pac.png', '/dls/i24/data/2022/mx24447-95/processing/_hitfind_results/alison00021_pac2.png', NULL, NULL, NULL, NULL, NULL, NULL, NULL, NULL, NULL, NULL, NULL, NULL, 0.02, 0.02, NULL, NULL, NULL, NULL, NULL, NULL, NULL, NULL, 8110904, NULL, 58, NULL, NULL, NULL, NULL, NULL, NULL, NULL, NULL, NULL, NULL, NULL, NULL, NULL, NULL, NULL, NULL, NULL, NULL, NULL, NULL, NULL, NULL, NULL, NULL, NULL, NULL, NULL, NULL, NULL, NULL, NULL, NULL, NULL, NULL, NULL, NULL, NULL, NULL, NULL, NULL, NULL, NULL),
	(9119831, NULL, 27482258, NULL, NULL, '2022-10-07 13:51:58', '2022-10-07 13:53:17', 'DataCollection Successful', NULL, NULL, 0.001, NULL, 2400, 0, NULL, 0.01, '/dls/i24/data/2022/mx24447-95/PROT/alison/', NULL, NULL, NULL, 'alison00022_#####.cbf', 0.999887, 1.41, 240, 221.192, 224.632, NULL, 1, NULL, NULL, NULL, 20.3651, NULL, '/dls/i24/data/2022/mx24447-95/processing/_hitfind_results/alison00022.png', '/dls/i24/data/2022/mx24447-95/processing/_hitfind_results/alison00022_pac.png', '/dls/i24/data/2022/mx24447-95/processing/_hitfind_results/alison00022_pac2.png', NULL, NULL, NULL, NULL, NULL, NULL, NULL, NULL, NULL, NULL, NULL, NULL, 0.02, 0.02, NULL, NULL, NULL, NULL, NULL, NULL, NULL, NULL, 8110949, NULL, 58, NULL, NULL, NULL, NULL, NULL, NULL, NULL, NULL, NULL, NULL, NULL, NULL, NULL, NULL, NULL, NULL, NULL, NULL, NULL, NULL, NULL, NULL, NULL, NULL, NULL, NULL, NULL, NULL, NULL, NULL, NULL, NULL, NULL, NULL, NULL, NULL, NULL, NULL, NULL, NULL, NULL, NULL),
	(9119858, NULL, 27482258, NULL, NULL, '2022-10-07 13:55:27', '2022-10-07 13:56:45', 'DataCollection Successful', NULL, NULL, 0.001, NULL, 2400, 0, NULL, 0.01, '/dls/i24/data/2022/mx24447-95/PROT/alison/', NULL, NULL, NULL, 'alison00023_#####.cbf', 0.999887, 1.41, 240, 221.192, 224.632, NULL, 1, NULL, NULL, NULL, 10.0401, NULL, '/dls/i24/data/2022/mx24447-95/processing/_hitfind_results/alison00023.png', '/dls/i24/data/2022/mx24447-95/processing/_hitfind_results/alison00023_pac.png', '/dls/i24/data/2022/mx24447-95/processing/_hitfind_results/alison00023_pac2.png', NULL, NULL, NULL, NULL, NULL, NULL, NULL, NULL, NULL, NULL, NULL, NULL, 0.02, 0.02, NULL, NULL, NULL, NULL, NULL, NULL, NULL, NULL, 8110976, NULL, 58, NULL, NULL, NULL, NULL, NULL, NULL, NULL, NULL, NULL, NULL, NULL, NULL, NULL, NULL, NULL, NULL, NULL, NULL, NULL, NULL, NULL, NULL, NULL, NULL, NULL, NULL, NULL, NULL, NULL, NULL, NULL, NULL, NULL, NULL, NULL, NULL, NULL, NULL, NULL, NULL, NULL, NULL),
	(9119882, NULL, 27482258, NULL, NULL, '2022-10-07 13:57:58', '2022-10-07 13:59:16', 'DataCollection Successful', NULL, NULL, 0.001, NULL, 2400, 0, NULL, 0.01, '/dls/i24/data/2022/mx24447-95/PROT/alison/', NULL, NULL, NULL, 'alison00024_#####.cbf', 0.999887, 1.41, 240, 221.192, 224.632, NULL, 1, NULL, NULL, NULL, 10.0401, NULL, '/dls/i24/data/2022/mx24447-95/processing/_hitfind_results/alison00024.png', '/dls/i24/data/2022/mx24447-95/processing/_hitfind_results/alison00024_pac.png', '/dls/i24/data/2022/mx24447-95/processing/_hitfind_results/alison00024_pac2.png', NULL, NULL, NULL, NULL, NULL, NULL, NULL, NULL, NULL, NULL, NULL, NULL, 0.02, 0.02, NULL, NULL, NULL, NULL, NULL, NULL, NULL, NULL, 8111000, NULL, 58, NULL, NULL, NULL, NULL, NULL, NULL, NULL, NULL, NULL, NULL, NULL, NULL, NULL, NULL, NULL, NULL, NULL, NULL, NULL, NULL, NULL, NULL, NULL, NULL, NULL, NULL, NULL, NULL, NULL, NULL, NULL, NULL, NULL, NULL, NULL, NULL, NULL, NULL, NULL, NULL, NULL, NULL),
	(9119918, NULL, 27482258, NULL, NULL, '2022-10-07 14:02:11', '2022-10-07 14:03:30', 'DataCollection Successful', NULL, NULL, 0.001, NULL, 2400, 0, NULL, 0.01, '/dls/i24/data/2022/mx24447-95/PROT/alison/', NULL, NULL, NULL, 'alison00025_#####.cbf', 0.999887, 1.41, 240, 221.192, 224.632, NULL, 1, NULL, NULL, NULL, 15.6211, NULL, '/dls/i24/data/2022/mx24447-95/processing/_hitfind_results/alison00025.png', '/dls/i24/data/2022/mx24447-95/processing/_hitfind_results/alison00025_pac.png', '/dls/i24/data/2022/mx24447-95/processing/_hitfind_results/alison00025_pac2.png', NULL, NULL, NULL, NULL, NULL, NULL, NULL, NULL, NULL, NULL, NULL, NULL, 0.02, 0.02, NULL, NULL, NULL, NULL, NULL, NULL, NULL, NULL, 8111036, NULL, 58, NULL, NULL, NULL, NULL, NULL, NULL, NULL, NULL, NULL, NULL, NULL, NULL, NULL, NULL, NULL, NULL, NULL, NULL, NULL, NULL, NULL, NULL, NULL, NULL, NULL, NULL, NULL, NULL, NULL, NULL, NULL, NULL, NULL, NULL, NULL, NULL, NULL, NULL, NULL, NULL, NULL, NULL),
	(9119945, NULL, 27482258, NULL, NULL, '2022-10-07 14:05:15', '2022-10-07 14:06:34', 'DataCollection Successful', NULL, NULL, 0.001, NULL, 2400, 0, NULL, 0.01, '/dls/i24/data/2022/mx24447-95/PROT/alison/', NULL, NULL, NULL, 'alison00026_#####.cbf', 0.999887, 1.41, 240, 221.192, 224.632, NULL, 1, NULL, NULL, NULL, 20.3651, NULL, '/dls/i24/data/2022/mx24447-95/processing/_hitfind_results/alison00026.png', '/dls/i24/data/2022/mx24447-95/processing/_hitfind_results/alison00026_pac.png', '/dls/i24/data/2022/mx24447-95/processing/_hitfind_results/alison00026_pac2.png', NULL, NULL, NULL, NULL, NULL, NULL, NULL, NULL, NULL, NULL, NULL, NULL, 0.02, 0.02, NULL, NULL, NULL, NULL, NULL, NULL, NULL, NULL, 8111066, NULL, 58, NULL, NULL, NULL, NULL, NULL, NULL, NULL, NULL, NULL, NULL, NULL, NULL, NULL, NULL, NULL, NULL, NULL, NULL, NULL, NULL, NULL, NULL, NULL, NULL, NULL, NULL, NULL, NULL, NULL, NULL, NULL, NULL, NULL, NULL, NULL, NULL, NULL, NULL, NULL, NULL, NULL, NULL),
	(9120059, NULL, 27482258, NULL, NULL, '2022-10-07 14:31:26', '2022-10-07 14:43:52', 'DataCollection Cancelled', NULL, NULL, 0.001, NULL, 64000, 0, NULL, 0.01, '/dls/i24/data/2022/mx24447-95/PROT/barbieAB/', NULL, NULL, NULL, 'barbie00027_#####.cbf', 0.999887, 1.41, 240, 221.192, 224.632, NULL, 1, NULL, NULL, NULL, 20.3651, NULL, '/dls/i24/data/2022/mx24447-95/processing/_hitfind_results/barbie00027.png', NULL, NULL, NULL, NULL, NULL, NULL, NULL, NULL, NULL, NULL, NULL, NULL, NULL, NULL, 0.02, 0.02, NULL, NULL, NULL, NULL, NULL, NULL, NULL, NULL, 8111180, NULL, 58, NULL, NULL, NULL, NULL, NULL, NULL, NULL, NULL, NULL, NULL, NULL, NULL, NULL, NULL, NULL, NULL, NULL, NULL, NULL, NULL, NULL, NULL, NULL, NULL, NULL, NULL, NULL, NULL, NULL, NULL, NULL, NULL, NULL, NULL, NULL, NULL, NULL, NULL, NULL, NULL, NULL, NULL),
	(9120128, NULL, 27482258, NULL, NULL, '2022-10-07 14:46:08', '2022-10-07 14:58:35', 'DataCollection Successful', NULL, NULL, 0.001, NULL, 64000, 0, NULL, 0.01, '/dls/i24/data/2022/mx24447-95/PROT/barbieCD/', NULL, NULL, NULL, 'barbie00030_#####.cbf', 0.999887, 1.41, 240, 221.192, 224.632, NULL, 1, NULL, NULL, NULL, 20.3651, NULL, '/dls/i24/data/2022/mx24447-95/processing/_hitfind_results/barbie00030.png', NULL, NULL, NULL, NULL, NULL, NULL, NULL, NULL, NULL, NULL, NULL, NULL, NULL, NULL, 0.02, 0.02, NULL, NULL, NULL, NULL, NULL, NULL, NULL, NULL, 8111246, NULL, 58, NULL, NULL, NULL, NULL, NULL, NULL, NULL, NULL, NULL, NULL, NULL, NULL, NULL, NULL, NULL, NULL, NULL, NULL, NULL, NULL, NULL, NULL, NULL, NULL, NULL, NULL, NULL, NULL, NULL, NULL, NULL, NULL, NULL, NULL, NULL, NULL, NULL, NULL, NULL, NULL, NULL, NULL),
	(9120230, NULL, 27482258, NULL, NULL, '2022-10-07 15:02:23', '2022-10-07 15:14:50', 'DataCollection Successful', NULL, NULL, 0.001, NULL, 64000, 0, NULL, 0.01, '/dls/i24/data/2022/mx24447-95/PROT/barbieEF/', NULL, NULL, NULL, 'barbie00031_#####.cbf', 0.999887, 1.41, 240, 221.192, 224.632, NULL, 1, NULL, NULL, NULL, 20.3651, NULL, '/dls/i24/data/2022/mx24447-95/processing/_hitfind_results/barbie00031.png', NULL, NULL, NULL, NULL, NULL, NULL, NULL, NULL, NULL, NULL, NULL, NULL, NULL, NULL, 0.02, 0.02, NULL, NULL, NULL, NULL, NULL, NULL, NULL, NULL, 8111324, NULL, 58, NULL, NULL, NULL, NULL, NULL, NULL, NULL, NULL, NULL, NULL, NULL, NULL, NULL, NULL, NULL, NULL, NULL, NULL, NULL, NULL, NULL, NULL, NULL, NULL, NULL, NULL, NULL, NULL, NULL, NULL, NULL, NULL, NULL, NULL, NULL, NULL, NULL, NULL, NULL, NULL, NULL, NULL),
	(9120284, NULL, 27482258, NULL, NULL, '2022-10-07 15:20:45', '2022-10-07 15:33:13', 'DataCollection Successful', NULL, NULL, 0.001, NULL, 64000, 0, NULL, 0.01, '/dls/i24/data/2022/mx24447-95/PROT/barbieGH/', NULL, NULL, NULL, 'barbie00032_#####.cbf', 0.999887, 1.41, 240, 221.192, 224.632, NULL, 1, NULL, NULL, NULL, 20.3651, NULL, '/dls/i24/data/2022/mx24447-95/processing/_hitfind_results/barbie00032.png', NULL, NULL, NULL, NULL, NULL, NULL, NULL, NULL, NULL, NULL, NULL, NULL, NULL, NULL, 0.02, 0.02, NULL, NULL, NULL, NULL, NULL, NULL, NULL, NULL, 8111369, NULL, 58, NULL, NULL, NULL, NULL, NULL, NULL, NULL, NULL, NULL, NULL, NULL, NULL, NULL, NULL, NULL, NULL, NULL, NULL, NULL, NULL, NULL, NULL, NULL, NULL, NULL, NULL, NULL, NULL, NULL, NULL, NULL, NULL, NULL, NULL, NULL, NULL, NULL, NULL, NULL, NULL, NULL, NULL),
	(9120404, NULL, 27482258, NULL, NULL, '2022-10-07 15:43:52', '2022-10-07 15:56:44', 'DataCollection Successful', NULL, NULL, 0.001, NULL, 64000, 0, NULL, 0.01, '/dls/i24/data/2022/mx24447-95/PROT/cecileAB/', NULL, NULL, NULL, 'cecile00033_#####.cbf', 0.999887, 1.41, 240, 221.192, 224.632, NULL, 1, NULL, NULL, NULL, 20.3651, NULL, '/dls/i24/data/2022/mx24447-95/processing/_hitfind_results/cecile00033.png', NULL, NULL, NULL, NULL, NULL, NULL, NULL, NULL, NULL, NULL, NULL, NULL, NULL, NULL, 0.02, 0.02, NULL, NULL, NULL, NULL, NULL, NULL, NULL, NULL, 8111477, NULL, 58, NULL, NULL, NULL, NULL, NULL, NULL, NULL, NULL, NULL, NULL, NULL, NULL, NULL, NULL, NULL, NULL, NULL, NULL, NULL, NULL, NULL, NULL, NULL, NULL, NULL, NULL, NULL, NULL, NULL, NULL, NULL, NULL, NULL, NULL, NULL, NULL, NULL, NULL, NULL, NULL, NULL, NULL),
	(9120524, NULL, 27482258, NULL, NULL, '2022-10-07 15:58:40', '2022-10-07 16:05:06', 'DataCollection Successful', NULL, NULL, 0.001, NULL, 32000, 0, NULL, 0.01, '/dls/i24/data/2022/mx24447-95/PROT/cecileC/', NULL, NULL, NULL, 'cecile00034_#####.cbf', 0.999887, 1.41, 240, 221.192, 224.632, NULL, 1, NULL, NULL, NULL, 20.3651, NULL, '/dls/i24/data/2022/mx24447-95/processing/_hitfind_results/cecile00034.png', NULL, NULL, NULL, NULL, NULL, NULL, NULL, NULL, NULL, NULL, NULL, NULL, NULL, NULL, 0.02, 0.02, NULL, NULL, NULL, NULL, NULL, NULL, NULL, NULL, 8111594, NULL, 58, NULL, NULL, NULL, NULL, NULL, NULL, NULL, NULL, NULL, NULL, NULL, NULL, NULL, NULL, NULL, NULL, NULL, NULL, NULL, NULL, NULL, NULL, NULL, NULL, NULL, NULL, NULL, NULL, NULL, NULL, NULL, NULL, NULL, NULL, NULL, NULL, NULL, NULL, NULL, NULL, NULL, NULL),
	(9120587, NULL, 27482258, NULL, NULL, '2022-10-07 16:06:08', '2022-10-07 16:12:34', 'DataCollection Successful', NULL, NULL, 0.001, NULL, 32000, 0, NULL, 0.01, '/dls/i24/data/2022/mx24447-95/PROT/cecileD/', NULL, NULL, NULL, 'cecile00035_#####.cbf', 0.999887, 1.41, 240, 221.192, 224.632, NULL, 1, NULL, NULL, NULL, 20.3651, NULL, '/dls/i24/data/2022/mx24447-95/processing/_hitfind_results/cecile00035.png', NULL, NULL, NULL, NULL, NULL, NULL, NULL, NULL, NULL, NULL, NULL, NULL, NULL, NULL, 0.02, 0.02, NULL, NULL, NULL, NULL, NULL, NULL, NULL, NULL, 8111657, NULL, 58, NULL, NULL, NULL, NULL, NULL, NULL, NULL, NULL, NULL, NULL, NULL, NULL, NULL, NULL, NULL, NULL, NULL, NULL, NULL, NULL, NULL, NULL, NULL, NULL, NULL, NULL, NULL, NULL, NULL, NULL, NULL, NULL, NULL, NULL, NULL, NULL, NULL, NULL, NULL, NULL, NULL, NULL),
	(9120653, NULL, 27482258, NULL, NULL, '2022-10-07 16:13:09', '2022-10-07 16:19:35', 'DataCollection Successful', NULL, NULL, 0.001, NULL, 32000, 0, NULL, 0.01, '/dls/i24/data/2022/mx24447-95/PROT/cecileE/', NULL, NULL, NULL, 'cecile00036_#####.cbf', 0.999887, 1.41, 240, 221.192, 224.632, NULL, 1, NULL, NULL, NULL, 20.3651, NULL, NULL, NULL, NULL, NULL, NULL, NULL, NULL, NULL, NULL, NULL, NULL, NULL, NULL, NULL, NULL, 0.02, 0.02, NULL, NULL, NULL, NULL, NULL, NULL, NULL, NULL, 8111723, NULL, 58, NULL, NULL, NULL, NULL, NULL, NULL, NULL, NULL, NULL, NULL, NULL, NULL, NULL, NULL, NULL, NULL, NULL, NULL, NULL, NULL, NULL, NULL, NULL, NULL, NULL, NULL, NULL, NULL, NULL, NULL, NULL, NULL, NULL, NULL, NULL, NULL, NULL, NULL, NULL, NULL, NULL, NULL),
	(9120728, NULL, 27482258, NULL, NULL, '2022-10-07 16:21:20', '2022-10-07 16:22:29', 'DataCollection Cancelled', NULL, NULL, 0.001, NULL, 32000, 0, NULL, 0.01, '/dls/i24/data/2022/mx24447-95/PROT/cecileF/', NULL, NULL, NULL, 'cecile00037_#####.cbf', 0.999887, 1.41, 240, 221.192, 224.632, NULL, 1, NULL, NULL, NULL, 20.3651, NULL, '/dls/i24/data/2022/mx24447-95/processing/_hitfind_results/cecile00037.png', NULL, NULL, NULL, NULL, NULL, NULL, NULL, NULL, NULL, NULL, NULL, NULL, NULL, NULL, 0.02, 0.02, NULL, NULL, NULL, NULL, NULL, NULL, NULL, NULL, 8111798, NULL, 58, NULL, NULL, NULL, NULL, NULL, NULL, NULL, NULL, NULL, NULL, NULL, NULL, NULL, NULL, NULL, NULL, NULL, NULL, NULL, NULL, NULL, NULL, NULL, NULL, NULL, NULL, NULL, NULL, NULL, NULL, NULL, NULL, NULL, NULL, NULL, NULL, NULL, NULL, NULL, NULL, NULL, NULL),
	(9120746, NULL, 27482258, NULL, NULL, '2022-10-07 16:25:58', '2022-10-07 16:31:39', 'DataCollection Successful', NULL, NULL, 0.001, NULL, 28000, 0, NULL, 0.01, '/dls/i24/data/2022/mx24447-95/PROT/daphneF/', NULL, NULL, NULL, 'cecile00038_#####.cbf', 0.999887, 1.41, 240, 221.192, 224.632, NULL, 1, NULL, NULL, NULL, 20.3651, NULL, '/dls/i24/data/2022/mx24447-95/processing/_hitfind_results/cecile00038.png', NULL, NULL, NULL, NULL, NULL, NULL, NULL, NULL, NULL, NULL, NULL, NULL, NULL, NULL, 0.02, 0.02, NULL, NULL, NULL, NULL, NULL, NULL, NULL, NULL, 8111816, NULL, 58, NULL, NULL, NULL, NULL, NULL, NULL, NULL, NULL, NULL, NULL, NULL, NULL, NULL, NULL, NULL, NULL, NULL, NULL, NULL, NULL, NULL, NULL, NULL, NULL, NULL, NULL, NULL, NULL, NULL, NULL, NULL, NULL, NULL, NULL, NULL, NULL, NULL, NULL, NULL, NULL, NULL, NULL),
	(9120761, NULL, 27482258, NULL, NULL, '2022-10-07 16:32:39', '2022-10-07 16:39:05', 'DataCollection Successful', NULL, NULL, 0.001, NULL, 32000, 0, NULL, 0.01, '/dls/i24/data/2022/mx24447-95/PROT/daphneG/', NULL, NULL, NULL, 'cecile00039_#####.cbf', 0.999887, 1.41, 240, 221.192, 224.632, NULL, 1, NULL, NULL, NULL, 20.3651, NULL, '/dls/i24/data/2022/mx24447-95/processing/_hitfind_results/cecile00039.png', NULL, NULL, NULL, NULL, NULL, NULL, NULL, NULL, NULL, NULL, NULL, NULL, NULL, NULL, 0.02, 0.02, NULL, NULL, NULL, NULL, NULL, NULL, NULL, NULL, 8111831, NULL, 58, NULL, NULL, NULL, NULL, NULL, NULL, NULL, NULL, NULL, NULL, NULL, NULL, NULL, NULL, NULL, NULL, NULL, NULL, NULL, NULL, NULL, NULL, NULL, NULL, NULL, NULL, NULL, NULL, NULL, NULL, NULL, NULL, NULL, NULL, NULL, NULL, NULL, NULL, NULL, NULL, NULL, NULL),
	(9120785, NULL, 27482258, NULL, NULL, '2022-10-07 16:40:22', '2022-10-07 16:46:49', 'DataCollection Successful', NULL, NULL, 0.001, NULL, 32000, 0, NULL, 0.01, '/dls/i24/data/2022/mx24447-95/PROT/daphneH/', NULL, NULL, NULL, 'cecile00040_#####.cbf', 0.999887, 1.41, 240, 221.192, 224.632, NULL, 1, NULL, NULL, NULL, 20.3651, NULL, '/dls/i24/data/2022/mx24447-95/processing/_hitfind_results/cecile00040.png', NULL, NULL, NULL, NULL, NULL, NULL, NULL, NULL, NULL, NULL, NULL, NULL, NULL, NULL, 0.02, 0.02, NULL, NULL, NULL, NULL, NULL, NULL, NULL, NULL, 8111855, NULL, 58, NULL, NULL, NULL, NULL, NULL, NULL, NULL, NULL, NULL, NULL, NULL, NULL, NULL, NULL, NULL, NULL, NULL, NULL, NULL, NULL, NULL, NULL, NULL, NULL, NULL, NULL, NULL, NULL, NULL, NULL, NULL, NULL, NULL, NULL, NULL, NULL, NULL, NULL, NULL, NULL, NULL, NULL),
	(9120833, NULL, 27482258, NULL, NULL, '2022-10-07 17:06:45', '2022-10-07 17:13:30', 'DataCollection Successful', NULL, NULL, 0.001, NULL, 32000, 0, NULL, 0.01, '/dls/i24/data/2022/mx24447-95/PROT/evelynA/', NULL, NULL, NULL, 'evelyn00041_#####.cbf', 0.999887, 1.41, 240, 221.192, 224.632, NULL, 1, NULL, NULL, NULL, 20.3651, NULL, '/dls/i24/data/2022/mx24447-95/processing/_hitfind_results/evelyn00041.png', NULL, NULL, NULL, NULL, NULL, NULL, NULL, NULL, NULL, NULL, NULL, NULL, NULL, NULL, 0.02, 0.02, NULL, NULL, NULL, NULL, NULL, NULL, NULL, NULL, 8111897, NULL, 58, NULL, NULL, NULL, NULL, NULL, NULL, NULL, NULL, NULL, NULL, NULL, NULL, NULL, NULL, NULL, NULL, NULL, NULL, NULL, NULL, NULL, NULL, NULL, NULL, NULL, NULL, NULL, NULL, NULL, NULL, NULL, NULL, NULL, NULL, NULL, NULL, NULL, NULL, NULL, NULL, NULL, NULL),
	(9120839, NULL, 27482258, NULL, NULL, '2022-10-07 17:14:37', '2022-10-07 17:21:03', 'DataCollection Successful', NULL, NULL, 0.001, NULL, 32000, 0, NULL, 0.01, '/dls/i24/data/2022/mx24447-95/PROT/evelynB/', NULL, NULL, NULL, 'evelyn00042_#####.cbf', 0.999887, 1.41, 240, 221.192, 224.632, NULL, 1, NULL, NULL, NULL, 20.3651, NULL, NULL, NULL, NULL, NULL, NULL, NULL, NULL, NULL, NULL, NULL, NULL, NULL, NULL, NULL, NULL, 0.02, 0.02, NULL, NULL, NULL, NULL, NULL, NULL, NULL, NULL, 8111903, NULL, 58, NULL, NULL, NULL, NULL, NULL, NULL, NULL, NULL, NULL, NULL, NULL, NULL, NULL, NULL, NULL, NULL, NULL, NULL, NULL, NULL, NULL, NULL, NULL, NULL, NULL, NULL, NULL, NULL, NULL, NULL, NULL, NULL, NULL, NULL, NULL, NULL, NULL, NULL, NULL, NULL, NULL, NULL),
	(9120899, NULL, 27482258, NULL, NULL, '2022-10-07 17:23:29', '2022-10-07 17:29:56', 'DataCollection Successful', NULL, NULL, 0.001, NULL, 32000, 0, NULL, 0.01, '/dls/i24/data/2022/mx24447-95/PROT/evelynC/', NULL, NULL, NULL, 'evelyn00043_#####.cbf', 0.999887, 1.41, 240, 221.192, 224.632, NULL, 1, NULL, NULL, NULL, 20.3651, NULL, '/dls/i24/data/2022/mx24447-95/processing/_hitfind_results/evelyn00043.png', NULL, NULL, NULL, NULL, NULL, NULL, NULL, NULL, NULL, NULL, NULL, NULL, NULL, NULL, 0.02, 0.02, NULL, NULL, NULL, NULL, NULL, NULL, NULL, NULL, 8111963, NULL, 58, NULL, NULL, NULL, NULL, NULL, NULL, NULL, NULL, NULL, NULL, NULL, NULL, NULL, NULL, NULL, NULL, NULL, NULL, NULL, NULL, NULL, NULL, NULL, NULL, NULL, NULL, NULL, NULL, NULL, NULL, NULL, NULL, NULL, NULL, NULL, NULL, NULL, NULL, NULL, NULL, NULL, NULL),
	(9120968, NULL, 27482258, NULL, NULL, '2022-10-07 17:31:35', '2022-10-07 17:38:02', 'DataCollection Successful', NULL, NULL, 0.001, NULL, 32000, 0, NULL, 0.01, '/dls/i24/data/2022/mx24447-95/PROT/evelynD/', NULL, NULL, NULL, 'evelyn00044_#####.cbf', 0.999887, 1.41, 240, 221.192, 224.632, NULL, 1, NULL, NULL, NULL, 20.3651, NULL, '/dls/i24/data/2022/mx24447-95/processing/_hitfind_results/evelyn00044.png', NULL, NULL, NULL, NULL, NULL, NULL, NULL, NULL, NULL, NULL, NULL, NULL, NULL, NULL, 0.02, 0.02, NULL, NULL, NULL, NULL, NULL, NULL, NULL, NULL, 8112029, NULL, 58, NULL, NULL, NULL, NULL, NULL, NULL, NULL, NULL, NULL, NULL, NULL, NULL, NULL, NULL, NULL, NULL, NULL, NULL, NULL, NULL, NULL, NULL, NULL, NULL, NULL, NULL, NULL, NULL, NULL, NULL, NULL, NULL, NULL, NULL, NULL, NULL, NULL, NULL, NULL, NULL, NULL, NULL),
	(9121058, NULL, 27482258, NULL, NULL, '2022-10-07 17:41:11', '2022-10-07 17:48:37', 'DataCollection Cancelled', NULL, NULL, 0.001, NULL, 32000, 0, NULL, 0.01, '/dls/i24/data/2022/mx24447-95/PROT/evelynE/', NULL, NULL, NULL, 'evelyn00045_#####.cbf', 0.999887, 1.41, 240, 221.192, 224.632, NULL, 1, NULL, NULL, NULL, 20.3651, NULL, '/dls/i24/data/2022/mx24447-95/processing/_hitfind_results/evelyn00045.png', NULL, NULL, NULL, NULL, NULL, NULL, NULL, NULL, NULL, NULL, NULL, NULL, NULL, NULL, 0.02, 0.02, NULL, NULL, NULL, NULL, NULL, NULL, NULL, NULL, 8112113, NULL, 58, NULL, NULL, NULL, NULL, NULL, NULL, NULL, NULL, NULL, NULL, NULL, NULL, NULL, NULL, NULL, NULL, NULL, NULL, NULL, NULL, NULL, NULL, NULL, NULL, NULL, NULL, NULL, NULL, NULL, NULL, NULL, NULL, NULL, NULL, NULL, NULL, NULL, NULL, NULL, NULL, NULL, NULL),
	(9121133, NULL, 27482258, NULL, NULL, '2022-10-07 17:50:04', '2022-10-07 17:50:29', 'DataCollection Successful', NULL, NULL, 0.001, NULL, 32000, 0, NULL, 0.01, '/dls/i24/data/2022/mx24447-95/PROT/evelynF/', NULL, NULL, NULL, 'evelyn00046_#####.cbf', 0.999887, 1.41, 240, 221.192, 224.632, NULL, 1, NULL, NULL, NULL, 20.3651, NULL, NULL, NULL, NULL, NULL, NULL, NULL, NULL, NULL, NULL, NULL, NULL, NULL, NULL, NULL, NULL, 0.02, 0.02, NULL, NULL, NULL, NULL, NULL, NULL, NULL, NULL, 8112188, NULL, 58, NULL, NULL, NULL, NULL, NULL, NULL, NULL, NULL, NULL, NULL, NULL, NULL, NULL, NULL, NULL, NULL, NULL, NULL, NULL, NULL, NULL, NULL, NULL, NULL, NULL, NULL, NULL, NULL, NULL, NULL, NULL, NULL, NULL, NULL, NULL, NULL, NULL, NULL, NULL, NULL, NULL, NULL),
	(9121232, NULL, 27482258, NULL, NULL, '2022-10-07 17:59:09', '2022-10-07 18:05:49', 'DataCollection Successful', NULL, NULL, 0.001, NULL, 32000, 0, NULL, 0.01, '/dls/i24/data/2022/mx24447-95/PROT/evelynF/', NULL, NULL, NULL, 'evelyn00048_#####.cbf', 0.999887, 1.41, 240, 221.192, 224.632, NULL, 1, NULL, NULL, NULL, 20.3651, NULL, '/dls/i24/data/2022/mx24447-95/processing/_hitfind_results/evelyn00048.png', NULL, NULL, NULL, NULL, NULL, NULL, NULL, NULL, NULL, NULL, NULL, NULL, NULL, NULL, 0.02, 0.02, NULL, NULL, NULL, NULL, NULL, NULL, NULL, NULL, 8112281, NULL, 58, NULL, NULL, NULL, NULL, NULL, NULL, NULL, NULL, NULL, NULL, NULL, NULL, NULL, NULL, NULL, NULL, NULL, NULL, NULL, NULL, NULL, NULL, NULL, NULL, NULL, NULL, NULL, NULL, NULL, NULL, NULL, NULL, NULL, NULL, NULL, NULL, NULL, NULL, NULL, NULL, NULL, NULL),
	(9121304, NULL, 27482258, NULL, NULL, '2022-10-07 18:07:15', '2022-10-07 18:13:41', 'DataCollection Successful', NULL, NULL, 0.001, NULL, 32000, 0, NULL, 0.01, '/dls/i24/data/2022/mx24447-95/PROT/evelynG/', NULL, NULL, NULL, 'evelyn00049_#####.cbf', 0.999887, 1.41, 240, 221.192, 224.632, NULL, 1, NULL, NULL, NULL, 20.3651, NULL, '/dls/i24/data/2022/mx24447-95/processing/_hitfind_results/evelyn00049.png', NULL, NULL, NULL, NULL, NULL, NULL, NULL, NULL, NULL, NULL, NULL, NULL, NULL, NULL, 0.02, 0.02, NULL, NULL, NULL, NULL, NULL, NULL, NULL, NULL, 8112353, NULL, 58, NULL, NULL, NULL, NULL, NULL, NULL, NULL, NULL, NULL, NULL, NULL, NULL, NULL, NULL, NULL, NULL, NULL, NULL, NULL, NULL, NULL, NULL, NULL, NULL, NULL, NULL, NULL, NULL, NULL, NULL, NULL, NULL, NULL, NULL, NULL, NULL, NULL, NULL, NULL, NULL, NULL, NULL),
	(9121373, NULL, 27482258, NULL, NULL, '2022-10-07 18:15:31', '2022-10-07 18:21:58', 'DataCollection Successful', NULL, NULL, 0.001, NULL, 32000, 0, NULL, 0.01, '/dls/i24/data/2022/mx24447-95/PROT/evelynH/', NULL, NULL, NULL, 'evelyn00050_#####.cbf', 0.999887, 1.41, 240, 221.192, 224.632, NULL, 1, NULL, NULL, NULL, 20.3651, NULL, '/dls/i24/data/2022/mx24447-95/processing/_hitfind_results/evelyn00050.png', NULL, NULL, NULL, NULL, NULL, NULL, NULL, NULL, NULL, NULL, NULL, NULL, NULL, NULL, 0.02, 0.02, NULL, NULL, NULL, NULL, NULL, NULL, NULL, NULL, 8112416, NULL, 58, NULL, NULL, NULL, NULL, NULL, NULL, NULL, NULL, NULL, NULL, NULL, NULL, NULL, NULL, NULL, NULL, NULL, NULL, NULL, NULL, NULL, NULL, NULL, NULL, NULL, NULL, NULL, NULL, NULL, NULL, NULL, NULL, NULL, NULL, NULL, NULL, NULL, NULL, NULL, NULL, NULL, NULL),
	(9121571, NULL, 27482258, NULL, NULL, '2022-10-07 18:35:59', '2022-10-07 18:42:49', 'DataCollection Successful', NULL, NULL, 0.001, NULL, 32000, 0, NULL, 0.01, '/dls/i24/data/2022/mx24447-95/PROT/b3/farrahA/', NULL, NULL, NULL, 'farrah00051_#####.cbf', 0.999887, 1.41, 240, 221.192, 224.632, NULL, 1, NULL, NULL, NULL, 20.3651, NULL, '/dls/i24/data/2022/mx24447-95/processing/_hitfind_results/farrah00051.png', NULL, NULL, NULL, NULL, NULL, NULL, NULL, NULL, NULL, NULL, NULL, NULL, NULL, NULL, 0.02, 0.02, NULL, NULL, NULL, NULL, NULL, NULL, NULL, NULL, 8112605, NULL, 58, NULL, NULL, NULL, NULL, NULL, NULL, NULL, NULL, NULL, NULL, NULL, NULL, NULL, NULL, NULL, NULL, NULL, NULL, NULL, NULL, NULL, NULL, NULL, NULL, NULL, NULL, NULL, NULL, NULL, NULL, NULL, NULL, NULL, NULL, NULL, NULL, NULL, NULL, NULL, NULL, NULL, NULL),
	(9121652, NULL, 27482258, NULL, NULL, '2022-10-07 18:44:49', '2022-10-07 18:51:16', 'DataCollection Successful', NULL, NULL, 0.001, NULL, 32000, 0, NULL, 0.01, '/dls/i24/data/2022/mx24447-95/PROT/b3/farrahB/', NULL, NULL, NULL, 'farrah00052_#####.cbf', 0.999887, 1.41, 240, 221.192, 224.632, NULL, 1, NULL, NULL, NULL, 20.3651, NULL, '/dls/i24/data/2022/mx24447-95/processing/_hitfind_results/farrah00052.png', NULL, NULL, NULL, NULL, NULL, NULL, NULL, NULL, NULL, NULL, NULL, NULL, NULL, NULL, 0.02, 0.02, NULL, NULL, NULL, NULL, NULL, NULL, NULL, NULL, 8112680, NULL, 58, NULL, NULL, NULL, NULL, NULL, NULL, NULL, NULL, NULL, NULL, NULL, NULL, NULL, NULL, NULL, NULL, NULL, NULL, NULL, NULL, NULL, NULL, NULL, NULL, NULL, NULL, NULL, NULL, NULL, NULL, NULL, NULL, NULL, NULL, NULL, NULL, NULL, NULL, NULL, NULL, NULL, NULL),
	(9121721, NULL, 27482258, NULL, NULL, '2022-10-07 18:52:41', '2022-10-07 18:59:07', 'DataCollection Successful', NULL, NULL, 0.001, NULL, 32000, 0, NULL, 0.01, '/dls/i24/data/2022/mx24447-95/PROT/b3/farrahC/', NULL, NULL, NULL, 'farrah00053_#####.cbf', 0.999887, 1.41, 240, 221.192, 224.632, NULL, 1, NULL, NULL, NULL, 20.3651, NULL, '/dls/i24/data/2022/mx24447-95/processing/_hitfind_results/farrah00053.png', NULL, NULL, NULL, NULL, NULL, NULL, NULL, NULL, NULL, NULL, NULL, NULL, NULL, NULL, 0.02, 0.02, NULL, NULL, NULL, NULL, NULL, NULL, NULL, NULL, 8112746, NULL, 58, NULL, NULL, NULL, NULL, NULL, NULL, NULL, NULL, NULL, NULL, NULL, NULL, NULL, NULL, NULL, NULL, NULL, NULL, NULL, NULL, NULL, NULL, NULL, NULL, NULL, NULL, NULL, NULL, NULL, NULL, NULL, NULL, NULL, NULL, NULL, NULL, NULL, NULL, NULL, NULL, NULL, NULL),
	(9121784, NULL, 27482258, NULL, NULL, '2022-10-07 19:00:15', '2022-10-07 19:06:41', 'DataCollection Successful', NULL, NULL, 0.001, NULL, 32000, 0, NULL, 0.01, '/dls/i24/data/2022/mx24447-95/PROT/b3/farrahD/', NULL, NULL, NULL, 'farrah00054_#####.cbf', 0.999887, 1.41, 240, 221.192, 224.632, NULL, 1, NULL, NULL, NULL, 20.3651, NULL, '/dls/i24/data/2022/mx24447-95/processing/_hitfind_results/farrah00054.png', NULL, NULL, NULL, NULL, NULL, NULL, NULL, NULL, NULL, NULL, NULL, NULL, NULL, NULL, 0.02, 0.02, NULL, NULL, NULL, NULL, NULL, NULL, NULL, NULL, 8112806, NULL, 58, NULL, NULL, NULL, NULL, NULL, NULL, NULL, NULL, NULL, NULL, NULL, NULL, NULL, NULL, NULL, NULL, NULL, NULL, NULL, NULL, NULL, NULL, NULL, NULL, NULL, NULL, NULL, NULL, NULL, NULL, NULL, NULL, NULL, NULL, NULL, NULL, NULL, NULL, NULL, NULL, NULL, NULL),
	(9121850, NULL, 27482258, NULL, NULL, '2022-10-07 19:07:32', '2022-10-07 19:13:58', 'DataCollection Successful', NULL, NULL, 0.001, NULL, 32000, 0, NULL, 0.01, '/dls/i24/data/2022/mx24447-95/PROT/b3/farrahE/', NULL, NULL, NULL, 'farrah00055_#####.cbf', 0.999887, 1.41, 240, 221.192, 224.632, NULL, 1, NULL, NULL, NULL, 20.3651, NULL, NULL, NULL, NULL, NULL, NULL, NULL, NULL, NULL, NULL, NULL, NULL, NULL, NULL, NULL, NULL, 0.02, 0.02, NULL, NULL, NULL, NULL, NULL, NULL, NULL, NULL, 8112872, NULL, 58, NULL, NULL, NULL, NULL, NULL, NULL, NULL, NULL, NULL, NULL, NULL, NULL, NULL, NULL, NULL, NULL, NULL, NULL, NULL, NULL, NULL, NULL, NULL, NULL, NULL, NULL, NULL, NULL, NULL, NULL, NULL, NULL, NULL, NULL, NULL, NULL, NULL, NULL, NULL, NULL, NULL, NULL),
	(9121907, NULL, 27482258, NULL, NULL, '2022-10-07 19:14:48', '2022-10-07 19:21:14', 'DataCollection Successful', NULL, NULL, 0.001, NULL, 32000, 0, NULL, 0.01, '/dls/i24/data/2022/mx24447-95/PROT/b3/farrahF/', NULL, NULL, NULL, 'farrah00056_#####.cbf', 0.999887, 1.41, 240, 221.192, 224.632, NULL, 1, NULL, NULL, NULL, 20.3651, NULL, NULL, NULL, NULL, NULL, NULL, NULL, NULL, NULL, NULL, NULL, NULL, NULL, NULL, NULL, NULL, 0.02, 0.02, NULL, NULL, NULL, NULL, NULL, NULL, NULL, NULL, 8112929, NULL, 58, NULL, NULL, NULL, NULL, NULL, NULL, NULL, NULL, NULL, NULL, NULL, NULL, NULL, NULL, NULL, NULL, NULL, NULL, NULL, NULL, NULL, NULL, NULL, NULL, NULL, NULL, NULL, NULL, NULL, NULL, NULL, NULL, NULL, NULL, NULL, NULL, NULL, NULL, NULL, NULL, NULL, NULL),
	(9121982, NULL, 27482258, NULL, NULL, '2022-10-07 19:22:04', '2022-10-07 19:28:31', 'DataCollection Successful', NULL, NULL, 0.001, NULL, 32000, 0, NULL, 0.01, '/dls/i24/data/2022/mx24447-95/PROT/b3/farrahG/', NULL, NULL, NULL, 'farrah00057_#####.cbf', 0.999887, 1.41, 240, 221.192, 224.632, NULL, 1, NULL, NULL, NULL, 20.3651, NULL, NULL, NULL, NULL, NULL, NULL, NULL, NULL, NULL, NULL, NULL, NULL, NULL, NULL, NULL, NULL, 0.02, 0.02, NULL, NULL, NULL, NULL, NULL, NULL, NULL, NULL, 8112998, NULL, 58, NULL, NULL, NULL, NULL, NULL, NULL, NULL, NULL, NULL, NULL, NULL, NULL, NULL, NULL, NULL, NULL, NULL, NULL, NULL, NULL, NULL, NULL, NULL, NULL, NULL, NULL, NULL, NULL, NULL, NULL, NULL, NULL, NULL, NULL, NULL, NULL, NULL, NULL, NULL, NULL, NULL, NULL),
	(9122045, NULL, 27482258, NULL, NULL, '2022-10-07 19:29:33', '2022-10-07 19:36:00', 'DataCollection Successful', NULL, NULL, 0.001, NULL, 32000, 0, NULL, 0.01, '/dls/i24/data/2022/mx24447-95/PROT/b3/farrahH/', NULL, NULL, NULL, 'farrah00058_#####.cbf', 0.999887, 1.41, 240, 221.192, 224.632, NULL, 1, NULL, NULL, NULL, 20.3651, NULL, '/dls/i24/data/2022/mx24447-95/processing/_hitfind_results/farrah00058.png', NULL, NULL, NULL, NULL, NULL, NULL, NULL, NULL, NULL, NULL, NULL, NULL, NULL, NULL, 0.02, 0.02, NULL, NULL, NULL, NULL, NULL, NULL, NULL, NULL, 8113052, NULL, 58, NULL, NULL, NULL, NULL, NULL, NULL, NULL, NULL, NULL, NULL, NULL, NULL, NULL, NULL, NULL, NULL, NULL, NULL, NULL, NULL, NULL, NULL, NULL, NULL, NULL, NULL, NULL, NULL, NULL, NULL, NULL, NULL, NULL, NULL, NULL, NULL, NULL, NULL, NULL, NULL, NULL, NULL);
